Parameter,jax Mean,jax Std,legacy Mean,legacy Std
tetris,22.171016295750935,1.4229023713388054,17.27447239557902,2.663754507113526
