Parameter,jax Mean,jax Std
20,5.572500705718994,0.0
40,12.415263891220093,0.0
80,45.15858989953995,0.0
