Parameter,jax Mean,jax Std,legacy Mean,legacy Std
T4,110.62576299349466,2.0353366828078463,312.40133333206177,5.326660956396141
