Parameter,PyTorch Wallclock Mean (s),PyTorch Wallclock Std (s),PyTorch Logged Mean (s),PyTorch Logged Std (s),PyTorch Python Overhead (%),Full JAX Wallclock Mean (s),Full JAX Wallclock Std (s),Full JAX Logged Mean (s),Full JAX Logged Std (s),Full JAX Python Overhead (%),Speedup (Wallclock),Speedup (Logged)
64,311.9594581806667,15.745223331970577,264.99529536565143,14.444973999110996,15.054572504038857,77.83069556966666,0.7117002900378239,2.223877429962158,0.023164291606836588,97.14267306274867,4.008180267404011,119.15912801460493
128,334.8488888613333,15.052122092099447,286.54380599657696,13.495508451162138,14.425934943078254,87.63823154166668,1.2774365320873378,2.301963965098063,0.09505299104451335,97.3733336186689,3.82080837290895,124.4779720017773
256,377.4668104446667,24.590966729096436,327.98263080914813,22.371302010874494,13.109544539088027,114.03894308366667,1.2933076134272798,2.382542371749878,0.07477553237384163,97.91076424655928,3.3099816627354355,137.66077560595852
