Parameter,PyTorch Wallclock (s),PyTorch Logged (s),PyTorch Python Overhead (%),Full JAX Wallclock (s),Full JAX Logged (s),Full JAX Python Overhead (%),Speedup (Wallclock),Speedup (Logged)
2,326.5085486666667,278.68473172187805,14.647033635132193,82.107261528,2.1312727133433023,97.4042823086768,3.976609895280963,130.7597708998529
4,358.6835593196667,310.5012084643046,13.433108265890967,109.85115694433334,2.838367780049642,97.41616942506307,3.2651778032836583,109.39428309705308
8,399.3757925,350.7804497877757,12.167823795235234,161.468903028,4.223665634791057,97.38422349097236,2.4733913776000884,83.05118826129065
