Parameter,PyTorch Wallclock (s),PyTorch Logged (s),PyTorch Python Overhead (%),Full JAX Wallclock (s),Full JAX Logged (s),Full JAX Python Overhead (%),Speedup (Wallclock),Speedup (Logged)
64,311.9594581806667,264.99529536565143,15.054572504038857,77.83069556966666,2.223877429962158,97.14267306274867,4.008180267404011,119.15912801460493
128,334.8488888613333,286.54380599657696,14.425934943078254,87.63823154166668,2.301963965098063,97.3733336186689,3.82080837290895,124.4779720017773
256,377.4668104446667,327.98263080914813,13.109544539088027,114.03894308366667,2.382542371749878,97.91076424655928,3.3099816627354355,137.66077560595852
