Parameter,PyTorch Wallclock (s),PyTorch Logged (s),PyTorch Python Overhead (%),Full JAX Wallclock (s),Full JAX Logged (s),Full JAX Python Overhead (%),Speedup (Wallclock),Speedup (Logged)
2,314.44027593066664,276.17469731966656,12.169426609788864,86.787949458,2.237332582473755,97.42207000344388,3.623086821320007,123.43926847670902
3,578.3855129579999,434.97552955150604,24.794878189991554,92.657913639,2.329773187637329,97.48561877109142,6.242159900247913,186.70295111114385
4,6598.842961354,449.7255039215088,93.18478244511473,111.49790209733332,2.321950356165568,97.91749412994461,59.18356163861691,193.68437517509133
