Parameter,PyTorch Wallclock (s),PyTorch Logged (s),PyTorch Python Overhead (%),Full JAX Wallclock (s),Full JAX Logged (s),Full JAX Python Overhead (%),Speedup (Wallclock),Speedup (Logged)
16,327.382787361,293.2727861404419,10.418996519491884,87.202273417,2.2830593585968018,97.3818809199168,3.7542918840597226,128.45604957056008
32,602.7613836526666,537.3273822466532,10.855705620935879,114.35166376400001,2.3580642541249595,97.93788373819243,5.271120365127795,227.8679986377415
64,1241.0986770136667,961.3123069604238,22.54344277656191,174.32164706933335,2.500215450922648,98.56574585373885,7.119590124799829,384.4917871400536
